<?xml version="1.0" encoding="UTF-8"?>
<!-- Generated by DART -->
<link:linkbase xmlns:link="http://www.xbrl.org/2003/linkbase" xmlns:xlink="http://www.w3.org/1999/xlink" xmlns:xsi="http://www.w3.org/2001/XMLSchema-instance" xmlns:xbrli="http://www.xbrl.org/2003/instance" xsi:schemaLocation="http://www.xbrl.org/2003/linkbase http://www.xbrl.org/2003/xbrl-linkbase-2003-12-31.xsd">
  <link:roleRef roleURI="http://www.xbrl.org/2009/role/negatedLabel" xlink:type="simple" xlink:href="http://www.xbrl.org/lrr/role/negated-2009-12-16.xsd#negatedLabel" />
  <link:roleRef roleURI="http://www.xbrl.org/2009/role/negatedTerseLabel" xlink:type="simple" xlink:href="http://www.xbrl.org/lrr/role/negated-2009-12-16.xsd#negatedTerseLabel" />
  <link:roleRef roleURI="http://www.xbrl.org/2009/role/negatedTotalLabel" xlink:type="simple" xlink:href="http://www.xbrl.org/lrr/role/negated-2009-12-16.xsd#negatedTotalLabel" />
  <link:roleRef roleURI="http://www.xbrl.org/2009/role/negatedPeriodStartLabel" xlink:type="simple" xlink:href="http://www.xbrl.org/lrr/role/negated-2009-12-16.xsd#negatedPeriodStartLabel" />
  <link:roleRef roleURI="http://www.xbrl.org/2009/role/negatedPeriodEndLabel" xlink:type="simple" xlink:href="http://www.xbrl.org/lrr/role/negated-2009-12-16.xsd#negatedPeriodEndLabel" />
  <link:roleRef roleURI="http://www.xbrl.org/2009/role/netLabel" xlink:type="simple" xlink:href="http://www.xbrl.org/lrr/role/net-2009-12-16.xsd#netLabel" />
  <link:roleRef roleURI="http://dart.fss.or.kr/role/2017-10-01/ifrs/dart_label" xlink:type="simple" xlink:href="http://dart.fss.or.kr/Resource/Taxonomy/ifrs/2017-10-01/ifrs_for_dart/rol_dart-label_2017-10-01.xsd#dartLabel" />
  <link:labelLink xlink:type="extended" xlink:role="http://www.xbrl.org/2003/role/link">
    <link:loc xlink:href="http://dart.fss.or.kr/Resource/Taxonomy/ifrs/2017-10-01/ifrs-cor_2010-04-30.xsd#ifrs_OtherIncomeExpenseFromSubsidiariesJointlyControlledEntitiesAndAssociates" xlink:label="Loc_ifrs_OtherIncomeExpenseFromSubsidiariesJointlyControlledEntitiesAndAssociates" xlink:type="locator" />
    <link:label xlink:type="resource" xlink:role="http://www.xbrl.org/2003/role/label" xlink:label="Label_label_ifrs_OtherIncomeExpenseFromSubsidiariesJointlyControlledEntitiesAndAssociates_ko" xml:lang="ko" id="Label_label_ifrs_OtherIncomeExpenseFromSubsidiariesJointlyControlledEntitiesAndAssociates_ko">관계기업및공동기업투자 관련 손익</link:label>
    <link:labelArc xlink:arcrole="http://www.xbrl.org/2003/arcrole/concept-label" xlink:from="Loc_ifrs_OtherIncomeExpenseFromSubsidiariesJointlyControlledEntitiesAndAssociates" xlink:to="Label_label_ifrs_OtherIncomeExpenseFromSubsidiariesJointlyControlledEntitiesAndAssociates_ko" xlink:type="arc" priority="1" />
    <link:loc xlink:href="http://dart.fss.or.kr/Resource/Taxonomy/ifrs/2017-10-01/dart_2017-10-01.xsd#dart_ShareOfOtherComprehensiveIncomeOfAssociatesAndJointVenturesAccountedForUsingEquityMethodThatWillNotBeReclassifiedToProfitOrLossNetOfTax" xlink:label="Loc_dart_ShareOfOtherComprehensiveIncomeOfAssociatesAndJointVenturesAccountedForUsingEquityMethodThatWillNotBeReclassifiedToProfitOrLossNetOfTax" xlink:type="locator" />
    <link:label xlink:type="resource" xlink:role="http://dart.fss.or.kr/role/2017-10-01/ifrs/dart_label" xlink:label="Label_dart_label_dart_ShareOfOtherComprehensiveIncomeOfAssociatesAndJointVenturesAccountedForUsingEquityMethodThatWillNotBeReclassifiedToProfitOrLossNetOfTax_ko" xml:lang="ko" id="Label_dart_label_dart_ShareOfOtherComprehensiveIncomeOfAssociatesAndJointVenturesAccountedForUsingEquityMethodThatWillNotBeReclassifiedToProfitOrLossNetOfTax_ko">지분법이익잉여금변동</link:label>
    <link:labelArc xlink:arcrole="http://www.xbrl.org/2003/arcrole/concept-label" xlink:from="Loc_dart_ShareOfOtherComprehensiveIncomeOfAssociatesAndJointVenturesAccountedForUsingEquityMethodThatWillNotBeReclassifiedToProfitOrLossNetOfTax" xlink:to="Label_dart_label_dart_ShareOfOtherComprehensiveIncomeOfAssociatesAndJointVenturesAccountedForUsingEquityMethodThatWillNotBeReclassifiedToProfitOrLossNetOfTax_ko" xlink:type="arc" priority="1" />
    <link:loc xlink:href="../00141875_entry_point_2011-05-04.xsd#entity00141875_udf_CE_201832717303914_StatementOfChangesInEquityLineItems" xlink:label="Loc_entity00141875_udf_CE_201832717303914_StatementOfChangesInEquityLineItems" xlink:type="locator" />
    <link:label xlink:type="resource" xlink:role="http://www.xbrl.org/2003/role/label" xlink:label="Label_label_entity00141875_udf_CE_201832717303914_StatementOfChangesInEquityLineItems_ko" xml:lang="ko" id="Label_label_entity00141875_udf_CE_201832717303914_StatementOfChangesInEquityLineItems_ko">합병으로 인한 증감</link:label>
    <link:labelArc xlink:arcrole="http://www.xbrl.org/2003/arcrole/concept-label" xlink:from="Loc_entity00141875_udf_CE_201832717303914_StatementOfChangesInEquityLineItems" xlink:to="Label_label_entity00141875_udf_CE_201832717303914_StatementOfChangesInEquityLineItems_ko" xlink:type="arc" />
    <link:label xlink:type="resource" xlink:role="http://www.xbrl.org/2003/role/documentation" xlink:label="Label_entity00141875_udf_CE_201832717303914_StatementOfChangesInEquityLineItems_ko_doc" xml:lang="ko">
    </link:label>
    <link:labelArc xlink:arcrole="http://www.xbrl.org/2003/arcrole/concept-label" xlink:from="Loc_entity00141875_udf_CE_201832717303914_StatementOfChangesInEquityLineItems" xlink:to="Label_entity00141875_udf_CE_201832717303914_StatementOfChangesInEquityLineItems_ko_doc" xlink:type="arc" />
    <link:loc xlink:href="../00141875_entry_point_2011-05-04.xsd#entity00141875_udf_CE_2018327173027510_StatementOfChangesInEquityLineItems" xlink:label="Loc_entity00141875_udf_CE_2018327173027510_StatementOfChangesInEquityLineItems" xlink:type="locator" />
    <link:label xlink:type="resource" xlink:role="http://www.xbrl.org/2003/role/label" xlink:label="Label_label_entity00141875_udf_CE_2018327173027510_StatementOfChangesInEquityLineItems_ko" xml:lang="ko" id="Label_label_entity00141875_udf_CE_2018327173027510_StatementOfChangesInEquityLineItems_ko">자기주식 취득</link:label>
    <link:labelArc xlink:arcrole="http://www.xbrl.org/2003/arcrole/concept-label" xlink:from="Loc_entity00141875_udf_CE_2018327173027510_StatementOfChangesInEquityLineItems" xlink:to="Label_label_entity00141875_udf_CE_2018327173027510_StatementOfChangesInEquityLineItems_ko" xlink:type="arc" />
    <link:label xlink:type="resource" xlink:role="http://www.xbrl.org/2003/role/documentation" xlink:label="Label_entity00141875_udf_CE_2018327173027510_StatementOfChangesInEquityLineItems_ko_doc" xml:lang="ko">
    </link:label>
    <link:labelArc xlink:arcrole="http://www.xbrl.org/2003/arcrole/concept-label" xlink:from="Loc_entity00141875_udf_CE_2018327173027510_StatementOfChangesInEquityLineItems" xlink:to="Label_entity00141875_udf_CE_2018327173027510_StatementOfChangesInEquityLineItems_ko_doc" xlink:type="arc" />
    <link:loc xlink:href="../00141875_entry_point_2011-05-04.xsd#entity00141875_udf_CE_2017116153144812_StatementOfChangesInEquityLineItems" xlink:label="Loc_entity00141875_udf_CE_2017116153144812_StatementOfChangesInEquityLineItems" xlink:type="locator" />
    <link:label xlink:type="resource" xlink:role="http://www.xbrl.org/2003/role/label" xlink:label="Label_label_entity00141875_udf_CE_2017116153144812_StatementOfChangesInEquityLineItems_ko" xml:lang="ko" id="Label_label_entity00141875_udf_CE_2017116153144812_StatementOfChangesInEquityLineItems_ko">총포괄손익:</link:label>
    <link:labelArc xlink:arcrole="http://www.xbrl.org/2003/arcrole/concept-label" xlink:from="Loc_entity00141875_udf_CE_2017116153144812_StatementOfChangesInEquityLineItems" xlink:to="Label_label_entity00141875_udf_CE_2017116153144812_StatementOfChangesInEquityLineItems_ko" xlink:type="arc" />
    <link:label xlink:type="resource" xlink:role="http://www.xbrl.org/2003/role/documentation" xlink:label="Label_entity00141875_udf_CE_2017116153144812_StatementOfChangesInEquityLineItems_ko_doc" xml:lang="ko">
    </link:label>
    <link:labelArc xlink:arcrole="http://www.xbrl.org/2003/arcrole/concept-label" xlink:from="Loc_entity00141875_udf_CE_2017116153144812_StatementOfChangesInEquityLineItems" xlink:to="Label_entity00141875_udf_CE_2017116153144812_StatementOfChangesInEquityLineItems_ko_doc" xlink:type="arc" />
    <link:loc xlink:href="../00141875_entry_point_2011-05-04.xsd#entity00141875_udf_CE_2017116152127468_StatementOfChangesInEquityLineItems" xlink:label="Loc_entity00141875_udf_CE_2017116152127468_StatementOfChangesInEquityLineItems" xlink:type="locator" />
    <link:label xlink:type="resource" xlink:role="http://www.xbrl.org/2003/role/label" xlink:label="Label_label_entity00141875_udf_CE_2017116152127468_StatementOfChangesInEquityLineItems_ko" xml:lang="ko" id="Label_label_entity00141875_udf_CE_2017116152127468_StatementOfChangesInEquityLineItems_ko">매도가능금융자산평가손익</link:label>
    <link:labelArc xlink:arcrole="http://www.xbrl.org/2003/arcrole/concept-label" xlink:from="Loc_entity00141875_udf_CE_2017116152127468_StatementOfChangesInEquityLineItems" xlink:to="Label_label_entity00141875_udf_CE_2017116152127468_StatementOfChangesInEquityLineItems_ko" xlink:type="arc" />
    <link:label xlink:type="resource" xlink:role="http://www.xbrl.org/2003/role/documentation" xlink:label="Label_entity00141875_udf_CE_2017116152127468_StatementOfChangesInEquityLineItems_ko_doc" xml:lang="ko">
    </link:label>
    <link:labelArc xlink:arcrole="http://www.xbrl.org/2003/arcrole/concept-label" xlink:from="Loc_entity00141875_udf_CE_2017116152127468_StatementOfChangesInEquityLineItems" xlink:to="Label_entity00141875_udf_CE_2017116152127468_StatementOfChangesInEquityLineItems_ko_doc" xlink:type="arc" />
    <link:loc xlink:href="../00141875_entry_point_2011-05-04.xsd#entity00141875_udf_CE_2017116152136164_StatementOfChangesInEquityLineItems" xlink:label="Loc_entity00141875_udf_CE_2017116152136164_StatementOfChangesInEquityLineItems" xlink:type="locator" />
    <link:label xlink:type="resource" xlink:role="http://www.xbrl.org/2003/role/label" xlink:label="Label_label_entity00141875_udf_CE_2017116152136164_StatementOfChangesInEquityLineItems_ko" xml:lang="ko" id="Label_label_entity00141875_udf_CE_2017116152136164_StatementOfChangesInEquityLineItems_ko">관계기업의 기타포괄손익에 대한 지분</link:label>
    <link:labelArc xlink:arcrole="http://www.xbrl.org/2003/arcrole/concept-label" xlink:from="Loc_entity00141875_udf_CE_2017116152136164_StatementOfChangesInEquityLineItems" xlink:to="Label_label_entity00141875_udf_CE_2017116152136164_StatementOfChangesInEquityLineItems_ko" xlink:type="arc" />
    <link:label xlink:type="resource" xlink:role="http://www.xbrl.org/2003/role/documentation" xlink:label="Label_entity00141875_udf_CE_2017116152136164_StatementOfChangesInEquityLineItems_ko_doc" xml:lang="ko">
    </link:label>
    <link:labelArc xlink:arcrole="http://www.xbrl.org/2003/arcrole/concept-label" xlink:from="Loc_entity00141875_udf_CE_2017116152136164_StatementOfChangesInEquityLineItems" xlink:to="Label_entity00141875_udf_CE_2017116152136164_StatementOfChangesInEquityLineItems_ko_doc" xlink:type="arc" />
    <link:loc xlink:href="../00141875_entry_point_2011-05-04.xsd#entity00141875_udf_CE_2017116152145836_StatementOfChangesInEquityLineItems" xlink:label="Loc_entity00141875_udf_CE_2017116152145836_StatementOfChangesInEquityLineItems" xlink:type="locator" />
    <link:label xlink:type="resource" xlink:role="http://www.xbrl.org/2003/role/label" xlink:label="Label_label_entity00141875_udf_CE_2017116152145836_StatementOfChangesInEquityLineItems_ko" xml:lang="ko" id="Label_label_entity00141875_udf_CE_2017116152145836_StatementOfChangesInEquityLineItems_ko">확정급여제도의 재측정요소</link:label>
    <link:labelArc xlink:arcrole="http://www.xbrl.org/2003/arcrole/concept-label" xlink:from="Loc_entity00141875_udf_CE_2017116152145836_StatementOfChangesInEquityLineItems" xlink:to="Label_label_entity00141875_udf_CE_2017116152145836_StatementOfChangesInEquityLineItems_ko" xlink:type="arc" />
    <link:label xlink:type="resource" xlink:role="http://www.xbrl.org/2003/role/documentation" xlink:label="Label_entity00141875_udf_CE_2017116152145836_StatementOfChangesInEquityLineItems_ko_doc" xml:lang="ko">
    </link:label>
    <link:labelArc xlink:arcrole="http://www.xbrl.org/2003/arcrole/concept-label" xlink:from="Loc_entity00141875_udf_CE_2017116152145836_StatementOfChangesInEquityLineItems" xlink:to="Label_entity00141875_udf_CE_2017116152145836_StatementOfChangesInEquityLineItems_ko_doc" xlink:type="arc" />
    <link:loc xlink:href="../00141875_entry_point_2011-05-04.xsd#entity00141875_udf_CE_2017116152215507_StatementOfChangesInEquityLineItems" xlink:label="Loc_entity00141875_udf_CE_2017116152215507_StatementOfChangesInEquityLineItems" xlink:type="locator" />
    <link:label xlink:type="resource" xlink:role="http://www.xbrl.org/2003/role/label" xlink:label="Label_label_entity00141875_udf_CE_2017116152215507_StatementOfChangesInEquityLineItems_ko" xml:lang="ko" id="Label_label_entity00141875_udf_CE_2017116152215507_StatementOfChangesInEquityLineItems_ko">지분법이익잉여금변동</link:label>
    <link:labelArc xlink:arcrole="http://www.xbrl.org/2003/arcrole/concept-label" xlink:from="Loc_entity00141875_udf_CE_2017116152215507_StatementOfChangesInEquityLineItems" xlink:to="Label_label_entity00141875_udf_CE_2017116152215507_StatementOfChangesInEquityLineItems_ko" xlink:type="arc" />
    <link:label xlink:type="resource" xlink:role="http://www.xbrl.org/2003/role/documentation" xlink:label="Label_entity00141875_udf_CE_2017116152215507_StatementOfChangesInEquityLineItems_ko_doc" xml:lang="ko">
    </link:label>
    <link:labelArc xlink:arcrole="http://www.xbrl.org/2003/arcrole/concept-label" xlink:from="Loc_entity00141875_udf_CE_2017116152215507_StatementOfChangesInEquityLineItems" xlink:to="Label_entity00141875_udf_CE_2017116152215507_StatementOfChangesInEquityLineItems_ko_doc" xlink:type="arc" />
    <link:loc xlink:href="../00141875_entry_point_2011-05-04.xsd#entity00141875_udf_CE_2017116152229915_StatementOfChangesInEquityLineItems" xlink:label="Loc_entity00141875_udf_CE_2017116152229915_StatementOfChangesInEquityLineItems" xlink:type="locator" />
    <link:label xlink:type="resource" xlink:role="http://www.xbrl.org/2003/role/label" xlink:label="Label_label_entity00141875_udf_CE_2017116152229915_StatementOfChangesInEquityLineItems_ko" xml:lang="ko" id="Label_label_entity00141875_udf_CE_2017116152229915_StatementOfChangesInEquityLineItems_ko">기타포괄손익 소계</link:label>
    <link:labelArc xlink:arcrole="http://www.xbrl.org/2003/arcrole/concept-label" xlink:from="Loc_entity00141875_udf_CE_2017116152229915_StatementOfChangesInEquityLineItems" xlink:to="Label_label_entity00141875_udf_CE_2017116152229915_StatementOfChangesInEquityLineItems_ko" xlink:type="arc" />
    <link:label xlink:type="resource" xlink:role="http://www.xbrl.org/2003/role/documentation" xlink:label="Label_entity00141875_udf_CE_2017116152229915_StatementOfChangesInEquityLineItems_ko_doc" xml:lang="ko">
    </link:label>
    <link:labelArc xlink:arcrole="http://www.xbrl.org/2003/arcrole/concept-label" xlink:from="Loc_entity00141875_udf_CE_2017116152229915_StatementOfChangesInEquityLineItems" xlink:to="Label_entity00141875_udf_CE_2017116152229915_StatementOfChangesInEquityLineItems_ko_doc" xlink:type="arc" />
    <link:loc xlink:href="../00141875_entry_point_2011-05-04.xsd#entity00141875_udf_CE_2017116152243419_StatementOfChangesInEquityLineItems" xlink:label="Loc_entity00141875_udf_CE_2017116152243419_StatementOfChangesInEquityLineItems" xlink:type="locator" />
    <link:label xlink:type="resource" xlink:role="http://www.xbrl.org/2003/role/label" xlink:label="Label_label_entity00141875_udf_CE_2017116152243419_StatementOfChangesInEquityLineItems_ko" xml:lang="ko" id="Label_label_entity00141875_udf_CE_2017116152243419_StatementOfChangesInEquityLineItems_ko">총포괄손익합계</link:label>
    <link:labelArc xlink:arcrole="http://www.xbrl.org/2003/arcrole/concept-label" xlink:from="Loc_entity00141875_udf_CE_2017116152243419_StatementOfChangesInEquityLineItems" xlink:to="Label_label_entity00141875_udf_CE_2017116152243419_StatementOfChangesInEquityLineItems_ko" xlink:type="arc" />
    <link:label xlink:type="resource" xlink:role="http://www.xbrl.org/2003/role/documentation" xlink:label="Label_entity00141875_udf_CE_2017116152243419_StatementOfChangesInEquityLineItems_ko_doc" xml:lang="ko">
    </link:label>
    <link:labelArc xlink:arcrole="http://www.xbrl.org/2003/arcrole/concept-label" xlink:from="Loc_entity00141875_udf_CE_2017116152243419_StatementOfChangesInEquityLineItems" xlink:to="Label_entity00141875_udf_CE_2017116152243419_StatementOfChangesInEquityLineItems_ko_doc" xlink:type="arc" />
    <link:loc xlink:href="../00141875_entry_point_2011-05-04.xsd#entity00141875_udf_CF_201832718256271_CashFlowsFromUsedInOperatingActivities" xlink:label="Loc_entity00141875_udf_CF_201832718256271_CashFlowsFromUsedInOperatingActivities" xlink:type="locator" />
    <link:label xlink:type="resource" xlink:role="http://www.xbrl.org/2003/role/label" xlink:label="Label_label_entity00141875_udf_CF_201832718256271_CashFlowsFromUsedInOperatingActivities_ko" xml:lang="ko" id="Label_label_entity00141875_udf_CF_201832718256271_CashFlowsFromUsedInOperatingActivities_ko">관계기업투자주식처분손실</link:label>
    <link:labelArc xlink:arcrole="http://www.xbrl.org/2003/arcrole/concept-label" xlink:from="Loc_entity00141875_udf_CF_201832718256271_CashFlowsFromUsedInOperatingActivities" xlink:to="Label_label_entity00141875_udf_CF_201832718256271_CashFlowsFromUsedInOperatingActivities_ko" xlink:type="arc" />
    <link:label xlink:type="resource" xlink:role="http://www.xbrl.org/2003/role/documentation" xlink:label="Label_entity00141875_udf_CF_201832718256271_CashFlowsFromUsedInOperatingActivities_ko_doc" xml:lang="ko">
    </link:label>
    <link:labelArc xlink:arcrole="http://www.xbrl.org/2003/arcrole/concept-label" xlink:from="Loc_entity00141875_udf_CF_201832718256271_CashFlowsFromUsedInOperatingActivities" xlink:to="Label_entity00141875_udf_CF_201832718256271_CashFlowsFromUsedInOperatingActivities_ko_doc" xlink:type="arc" />
    <link:loc xlink:href="../00141875_entry_point_2011-05-04.xsd#entity00141875_udf_CF_201832718352336_CashFlowsFromUsedInOperatingActivities" xlink:label="Loc_entity00141875_udf_CF_201832718352336_CashFlowsFromUsedInOperatingActivities" xlink:type="locator" />
    <link:label xlink:type="resource" xlink:role="http://www.xbrl.org/2003/role/label" xlink:label="Label_label_entity00141875_udf_CF_201832718352336_CashFlowsFromUsedInOperatingActivities_ko" xml:lang="ko" id="Label_label_entity00141875_udf_CF_201832718352336_CashFlowsFromUsedInOperatingActivities_ko">매도가능금융자산처분이익</link:label>
    <link:labelArc xlink:arcrole="http://www.xbrl.org/2003/arcrole/concept-label" xlink:from="Loc_entity00141875_udf_CF_201832718352336_CashFlowsFromUsedInOperatingActivities" xlink:to="Label_label_entity00141875_udf_CF_201832718352336_CashFlowsFromUsedInOperatingActivities_ko" xlink:type="arc" />
    <link:label xlink:type="resource" xlink:role="http://www.xbrl.org/2003/role/documentation" xlink:label="Label_entity00141875_udf_CF_201832718352336_CashFlowsFromUsedInOperatingActivities_ko_doc" xml:lang="ko">
    </link:label>
    <link:labelArc xlink:arcrole="http://www.xbrl.org/2003/arcrole/concept-label" xlink:from="Loc_entity00141875_udf_CF_201832718352336_CashFlowsFromUsedInOperatingActivities" xlink:to="Label_entity00141875_udf_CF_201832718352336_CashFlowsFromUsedInOperatingActivities_ko_doc" xlink:type="arc" />
    <link:loc xlink:href="http://dart.fss.or.kr/Resource/Taxonomy/ifrs/2017-10-01/dart_2017-10-01.xsd#dart_AdjustmentsForProfitsOfAssociatesAndJointVenturesAccountedForUsingEquityMethod" xlink:label="Loc_dart_AdjustmentsForProfitsOfAssociatesAndJointVenturesAccountedForUsingEquityMethod" xlink:type="locator" />
    <link:label xlink:type="resource" xlink:role="http://www.xbrl.org/2003/role/label" xlink:label="Label_label_dart_AdjustmentsForProfitsOfAssociatesAndJointVenturesAccountedForUsingEquityMethod_ko" xml:lang="ko" id="Label_label_dart_AdjustmentsForProfitsOfAssociatesAndJointVenturesAccountedForUsingEquityMethod_ko">지분법손익</link:label>
    <link:labelArc xlink:arcrole="http://www.xbrl.org/2003/arcrole/concept-label" xlink:from="Loc_dart_AdjustmentsForProfitsOfAssociatesAndJointVenturesAccountedForUsingEquityMethod" xlink:to="Label_label_dart_AdjustmentsForProfitsOfAssociatesAndJointVenturesAccountedForUsingEquityMethod_ko" xlink:type="arc" priority="1" />
    <link:loc xlink:href="../00141875_entry_point_2011-05-04.xsd#entity00141875_udf_CF_2017116164727624_CashFlowsFromUsedInOperatingActivities" xlink:label="Loc_entity00141875_udf_CF_2017116164727624_CashFlowsFromUsedInOperatingActivities" xlink:type="locator" />
    <link:label xlink:type="resource" xlink:role="http://www.xbrl.org/2003/role/label" xlink:label="Label_label_entity00141875_udf_CF_2017116164727624_CashFlowsFromUsedInOperatingActivities_ko" xml:lang="ko" id="Label_label_entity00141875_udf_CF_2017116164727624_CashFlowsFromUsedInOperatingActivities_ko">배당금수익</link:label>
    <link:labelArc xlink:arcrole="http://www.xbrl.org/2003/arcrole/concept-label" xlink:from="Loc_entity00141875_udf_CF_2017116164727624_CashFlowsFromUsedInOperatingActivities" xlink:to="Label_label_entity00141875_udf_CF_2017116164727624_CashFlowsFromUsedInOperatingActivities_ko" xlink:type="arc" />
    <link:label xlink:type="resource" xlink:role="http://www.xbrl.org/2003/role/documentation" xlink:label="Label_entity00141875_udf_CF_2017116164727624_CashFlowsFromUsedInOperatingActivities_ko_doc" xml:lang="ko">
    </link:label>
    <link:labelArc xlink:arcrole="http://www.xbrl.org/2003/arcrole/concept-label" xlink:from="Loc_entity00141875_udf_CF_2017116164727624_CashFlowsFromUsedInOperatingActivities" xlink:to="Label_entity00141875_udf_CF_2017116164727624_CashFlowsFromUsedInOperatingActivities_ko_doc" xlink:type="arc" />
    <link:loc xlink:href="http://dart.fss.or.kr/Resource/Taxonomy/ifrs/2017-10-01/dart_2017-10-01.xsd#dart_AdjustmentsForDecreaseincreaseInLongTermDepositsProvided" xlink:label="Loc_dart_AdjustmentsForDecreaseincreaseInLongTermDepositsProvided" xlink:type="locator" />
    <link:label xlink:type="resource" xlink:role="http://www.xbrl.org/2003/role/label" xlink:label="Label_label_dart_AdjustmentsForDecreaseincreaseInLongTermDepositsProvided_ko" xml:lang="ko" id="Label_label_dart_AdjustmentsForDecreaseincreaseInLongTermDepositsProvided_ko">장기기타채권의 감소(증가)</link:label>
    <link:labelArc xlink:arcrole="http://www.xbrl.org/2003/arcrole/concept-label" xlink:from="Loc_dart_AdjustmentsForDecreaseincreaseInLongTermDepositsProvided" xlink:to="Label_label_dart_AdjustmentsForDecreaseincreaseInLongTermDepositsProvided_ko" xlink:type="arc" priority="1" />
    <link:loc xlink:href="http://dart.fss.or.kr/Resource/Taxonomy/ifrs/2017-10-01/dart_2017-10-01.xsd#dart_AdjustmentsForIncreasedecreaseInGuaranteeDepositRent" xlink:label="Loc_dart_AdjustmentsForIncreasedecreaseInGuaranteeDepositRent" xlink:type="locator" />
    <link:label xlink:type="resource" xlink:role="http://www.xbrl.org/2003/role/label" xlink:label="Label_label_dart_AdjustmentsForIncreasedecreaseInGuaranteeDepositRent_ko" xml:lang="ko" id="Label_label_dart_AdjustmentsForIncreasedecreaseInGuaranteeDepositRent_ko">예수보증금의 증가(감소)</link:label>
    <link:labelArc xlink:arcrole="http://www.xbrl.org/2003/arcrole/concept-label" xlink:from="Loc_dart_AdjustmentsForIncreasedecreaseInGuaranteeDepositRent" xlink:to="Label_label_dart_AdjustmentsForIncreasedecreaseInGuaranteeDepositRent_ko" xlink:type="arc" priority="1" />
    <link:loc xlink:href="../00141875_entry_point_2011-05-04.xsd#entity00141875_udf_CF_2017116165123863_CashFlowsFromUsedInOperatingActivities" xlink:label="Loc_entity00141875_udf_CF_2017116165123863_CashFlowsFromUsedInOperatingActivities" xlink:type="locator" />
    <link:label xlink:type="resource" xlink:role="http://www.xbrl.org/2003/role/label" xlink:label="Label_label_entity00141875_udf_CF_2017116165123863_CashFlowsFromUsedInOperatingActivities_ko" xml:lang="ko" id="Label_label_entity00141875_udf_CF_2017116165123863_CashFlowsFromUsedInOperatingActivities_ko">퇴직금의 지급</link:label>
    <link:labelArc xlink:arcrole="http://www.xbrl.org/2003/arcrole/concept-label" xlink:from="Loc_entity00141875_udf_CF_2017116165123863_CashFlowsFromUsedInOperatingActivities" xlink:to="Label_label_entity00141875_udf_CF_2017116165123863_CashFlowsFromUsedInOperatingActivities_ko" xlink:type="arc" />
    <link:label xlink:type="resource" xlink:role="http://www.xbrl.org/2003/role/documentation" xlink:label="Label_entity00141875_udf_CF_2017116165123863_CashFlowsFromUsedInOperatingActivities_ko_doc" xml:lang="ko">
    </link:label>
    <link:labelArc xlink:arcrole="http://www.xbrl.org/2003/arcrole/concept-label" xlink:from="Loc_entity00141875_udf_CF_2017116165123863_CashFlowsFromUsedInOperatingActivities" xlink:to="Label_entity00141875_udf_CF_2017116165123863_CashFlowsFromUsedInOperatingActivities_ko_doc" xlink:type="arc" />
    <link:loc xlink:href="../00141875_entry_point_2011-05-04.xsd#entity00141875_udf_CF_2017116165159207_CashFlowsFromUsedInOperatingActivities" xlink:label="Loc_entity00141875_udf_CF_2017116165159207_CashFlowsFromUsedInOperatingActivities" xlink:type="locator" />
    <link:label xlink:type="resource" xlink:role="http://www.xbrl.org/2003/role/label" xlink:label="Label_label_entity00141875_udf_CF_2017116165159207_CashFlowsFromUsedInOperatingActivities_ko" xml:lang="ko" id="Label_label_entity00141875_udf_CF_2017116165159207_CashFlowsFromUsedInOperatingActivities_ko">국민연금전환금의 감소(증가)</link:label>
    <link:labelArc xlink:arcrole="http://www.xbrl.org/2003/arcrole/concept-label" xlink:from="Loc_entity00141875_udf_CF_2017116165159207_CashFlowsFromUsedInOperatingActivities" xlink:to="Label_label_entity00141875_udf_CF_2017116165159207_CashFlowsFromUsedInOperatingActivities_ko" xlink:type="arc" />
    <link:label xlink:type="resource" xlink:role="http://www.xbrl.org/2003/role/documentation" xlink:label="Label_entity00141875_udf_CF_2017116165159207_CashFlowsFromUsedInOperatingActivities_ko_doc" xml:lang="ko">
    </link:label>
    <link:labelArc xlink:arcrole="http://www.xbrl.org/2003/arcrole/concept-label" xlink:from="Loc_entity00141875_udf_CF_2017116165159207_CashFlowsFromUsedInOperatingActivities" xlink:to="Label_entity00141875_udf_CF_2017116165159207_CashFlowsFromUsedInOperatingActivities_ko_doc" xlink:type="arc" />
    <link:loc xlink:href="http://dart.fss.or.kr/Resource/Taxonomy/ifrs/2017-10-01/dart_2017-10-01.xsd#dart_ProceedsFromSalesOfShortTermLoansAndReceivables" xlink:label="Loc_dart_ProceedsFromSalesOfShortTermLoansAndReceivables" xlink:type="locator" />
    <link:label xlink:type="resource" xlink:role="http://www.xbrl.org/2003/role/label" xlink:label="Label_label_dart_ProceedsFromSalesOfShortTermLoansAndReceivables_ko" xml:lang="ko" id="Label_label_dart_ProceedsFromSalesOfShortTermLoansAndReceivables_ko">단기대여금의 처분</link:label>
    <link:labelArc xlink:arcrole="http://www.xbrl.org/2003/arcrole/concept-label" xlink:from="Loc_dart_ProceedsFromSalesOfShortTermLoansAndReceivables" xlink:to="Label_label_dart_ProceedsFromSalesOfShortTermLoansAndReceivables_ko" xlink:type="arc" priority="1" />
    <link:loc xlink:href="http://dart.fss.or.kr/Resource/Taxonomy/ifrs/2017-10-01/ifrs-cor_2010-04-30.xsd#ifrs_ProceedsFromSalesOfPropertyPlantAndEquipmentClassifiedAsInvestingActivities" xlink:label="Loc_ifrs_ProceedsFromSalesOfPropertyPlantAndEquipmentClassifiedAsInvestingActivities" xlink:type="locator" />
    <link:label xlink:type="resource" xlink:role="http://www.xbrl.org/2003/role/terseLabel" xlink:label="Label_terseLabel_ifrs_ProceedsFromSalesOfPropertyPlantAndEquipmentClassifiedAsInvestingActivities_ko" xml:lang="ko" id="Label_terseLabel_ifrs_ProceedsFromSalesOfPropertyPlantAndEquipmentClassifiedAsInvestingActivities_ko">유형자산 및 투자부동산의 처분</link:label>
    <link:labelArc xlink:arcrole="http://www.xbrl.org/2003/arcrole/concept-label" xlink:from="Loc_ifrs_ProceedsFromSalesOfPropertyPlantAndEquipmentClassifiedAsInvestingActivities" xlink:to="Label_terseLabel_ifrs_ProceedsFromSalesOfPropertyPlantAndEquipmentClassifiedAsInvestingActivities_ko" xlink:type="arc" priority="1" />
    <link:loc xlink:href="../00141875_entry_point_2011-05-04.xsd#entity00141875_udf_CF_201832717461894_CashFlowsFromUsedInInvestingActivities" xlink:label="Loc_entity00141875_udf_CF_201832717461894_CashFlowsFromUsedInInvestingActivities" xlink:type="locator" />
    <link:label xlink:type="resource" xlink:role="http://www.xbrl.org/2003/role/label" xlink:label="Label_label_entity00141875_udf_CF_201832717461894_CashFlowsFromUsedInInvestingActivities_ko" xml:lang="ko" id="Label_label_entity00141875_udf_CF_201832717461894_CashFlowsFromUsedInInvestingActivities_ko">합병으로 인한 현금유입액</link:label>
    <link:labelArc xlink:arcrole="http://www.xbrl.org/2003/arcrole/concept-label" xlink:from="Loc_entity00141875_udf_CF_201832717461894_CashFlowsFromUsedInInvestingActivities" xlink:to="Label_label_entity00141875_udf_CF_201832717461894_CashFlowsFromUsedInInvestingActivities_ko" xlink:type="arc" />
    <link:label xlink:type="resource" xlink:role="http://www.xbrl.org/2003/role/documentation" xlink:label="Label_entity00141875_udf_CF_201832717461894_CashFlowsFromUsedInInvestingActivities_ko_doc" xml:lang="ko">
    </link:label>
    <link:labelArc xlink:arcrole="http://www.xbrl.org/2003/arcrole/concept-label" xlink:from="Loc_entity00141875_udf_CF_201832717461894_CashFlowsFromUsedInInvestingActivities" xlink:to="Label_entity00141875_udf_CF_201832717461894_CashFlowsFromUsedInInvestingActivities_ko_doc" xlink:type="arc" />
    <link:loc xlink:href="http://dart.fss.or.kr/Resource/Taxonomy/ifrs/2017-10-01/dart_2017-10-01.xsd#dart_PurchaseOfShortTermLoansAndReceivables" xlink:label="Loc_dart_PurchaseOfShortTermLoansAndReceivables" xlink:type="locator" />
    <link:label xlink:type="resource" xlink:role="http://www.xbrl.org/2003/role/label" xlink:label="Label_label_dart_PurchaseOfShortTermLoansAndReceivables_ko" xml:lang="ko" id="Label_label_dart_PurchaseOfShortTermLoansAndReceivables_ko">단기대여금의 취득</link:label>
    <link:labelArc xlink:arcrole="http://www.xbrl.org/2003/arcrole/concept-label" xlink:from="Loc_dart_PurchaseOfShortTermLoansAndReceivables" xlink:to="Label_label_dart_PurchaseOfShortTermLoansAndReceivables_ko" xlink:type="arc" priority="1" />
    <link:loc xlink:href="http://dart.fss.or.kr/Resource/Taxonomy/ifrs/2017-10-01/ifrs-cor_2010-04-30.xsd#ifrs_PurchaseOfPropertyPlantAndEquipmentClassifiedAsInvestingActivities" xlink:label="Loc_ifrs_PurchaseOfPropertyPlantAndEquipmentClassifiedAsInvestingActivities" xlink:type="locator" />
    <link:label xlink:type="resource" xlink:role="http://www.xbrl.org/2009/role/negatedTerseLabel" xlink:label="Label_negatedTerseLabel_ifrs_PurchaseOfPropertyPlantAndEquipmentClassifiedAsInvestingActivities_ko" xml:lang="ko" id="Label_negatedTerseLabel_ifrs_PurchaseOfPropertyPlantAndEquipmentClassifiedAsInvestingActivities_ko">유형자산 및 투자부동산의 취득</link:label>
    <link:labelArc xlink:arcrole="http://www.xbrl.org/2003/arcrole/concept-label" xlink:from="Loc_ifrs_PurchaseOfPropertyPlantAndEquipmentClassifiedAsInvestingActivities" xlink:to="Label_negatedTerseLabel_ifrs_PurchaseOfPropertyPlantAndEquipmentClassifiedAsInvestingActivities_ko" xlink:type="arc" priority="1" />
    <link:loc xlink:href="http://dart.fss.or.kr/Resource/Taxonomy/ifrs/2017-10-01/dart_2017-10-01.xsd#dart_RepaymentsOfLongTermBorrowings" xlink:label="Loc_dart_RepaymentsOfLongTermBorrowings" xlink:type="locator" />
    <link:label xlink:type="resource" xlink:role="http://www.xbrl.org/2003/role/label" xlink:label="Label_label_dart_RepaymentsOfLongTermBorrowings_ko" xml:lang="ko" id="Label_label_dart_RepaymentsOfLongTermBorrowings_ko">유동성 장기차입금의 상환</link:label>
    <link:labelArc xlink:arcrole="http://www.xbrl.org/2003/arcrole/concept-label" xlink:from="Loc_dart_RepaymentsOfLongTermBorrowings" xlink:to="Label_label_dart_RepaymentsOfLongTermBorrowings_ko" xlink:type="arc" priority="1" />
    <link:loc xlink:href="../00141875_entry_point_2011-05-04.xsd#entity00141875_udf_CF_2018327174935454_CashFlowsFromUsedInFinancingActivities" xlink:label="Loc_entity00141875_udf_CF_2018327174935454_CashFlowsFromUsedInFinancingActivities" xlink:type="locator" />
    <link:label xlink:type="resource" xlink:role="http://www.xbrl.org/2003/role/label" xlink:label="Label_label_entity00141875_udf_CF_2018327174935454_CashFlowsFromUsedInFinancingActivities_ko" xml:lang="ko" id="Label_label_entity00141875_udf_CF_2018327174935454_CashFlowsFromUsedInFinancingActivities_ko">주식발행비용의 지급</link:label>
    <link:labelArc xlink:arcrole="http://www.xbrl.org/2003/arcrole/concept-label" xlink:from="Loc_entity00141875_udf_CF_2018327174935454_CashFlowsFromUsedInFinancingActivities" xlink:to="Label_label_entity00141875_udf_CF_2018327174935454_CashFlowsFromUsedInFinancingActivities_ko" xlink:type="arc" />
    <link:label xlink:type="resource" xlink:role="http://www.xbrl.org/2003/role/documentation" xlink:label="Label_entity00141875_udf_CF_2018327174935454_CashFlowsFromUsedInFinancingActivities_ko_doc" xml:lang="ko">
    </link:label>
    <link:labelArc xlink:arcrole="http://www.xbrl.org/2003/arcrole/concept-label" xlink:from="Loc_entity00141875_udf_CF_2018327174935454_CashFlowsFromUsedInFinancingActivities" xlink:to="Label_entity00141875_udf_CF_2018327174935454_CashFlowsFromUsedInFinancingActivities_ko_doc" xlink:type="arc" />
    <link:loc xlink:href="../00141875_entry_point_2011-05-04.xsd#entity00141875_udf_CF_2018327175040670_StatementOfCashFlowsAbstract" xlink:label="Loc_entity00141875_udf_CF_2018327175040670_StatementOfCashFlowsAbstract" xlink:type="locator" />
    <link:label xlink:type="resource" xlink:role="http://www.xbrl.org/2003/role/label" xlink:label="Label_label_entity00141875_udf_CF_2018327175040670_StatementOfCashFlowsAbstract_ko" xml:lang="ko" id="Label_label_entity00141875_udf_CF_2018327175040670_StatementOfCashFlowsAbstract_ko">현금및현금성자산의 환율변동효과</link:label>
    <link:labelArc xlink:arcrole="http://www.xbrl.org/2003/arcrole/concept-label" xlink:from="Loc_entity00141875_udf_CF_2018327175040670_StatementOfCashFlowsAbstract" xlink:to="Label_label_entity00141875_udf_CF_2018327175040670_StatementOfCashFlowsAbstract_ko" xlink:type="arc" />
    <link:label xlink:type="resource" xlink:role="http://www.xbrl.org/2003/role/documentation" xlink:label="Label_entity00141875_udf_CF_2018327175040670_StatementOfCashFlowsAbstract_ko_doc" xml:lang="ko">
    </link:label>
    <link:labelArc xlink:arcrole="http://www.xbrl.org/2003/arcrole/concept-label" xlink:from="Loc_entity00141875_udf_CF_2018327175040670_StatementOfCashFlowsAbstract" xlink:to="Label_entity00141875_udf_CF_2018327175040670_StatementOfCashFlowsAbstract_ko_doc" xlink:type="arc" />
    <link:loc xlink:href="http://dart.fss.or.kr/Resource/Taxonomy/ifrs/2017-10-01/dart_2017-10-01.xsd#dart_LongTermTradeAndOtherNonCurrentReceivablesGross" xlink:label="Loc_dart_LongTermTradeAndOtherNonCurrentReceivablesGross" xlink:type="locator" />
    <link:label xlink:type="resource" xlink:role="http://www.xbrl.org/2003/role/label" xlink:label="Label_label_dart_LongTermTradeAndOtherNonCurrentReceivablesGross_ko" xml:lang="ko" id="Label_label_dart_LongTermTradeAndOtherNonCurrentReceivablesGross_ko">장기기타채권</link:label>
    <link:labelArc xlink:arcrole="http://www.xbrl.org/2003/arcrole/concept-label" xlink:from="Loc_dart_LongTermTradeAndOtherNonCurrentReceivablesGross" xlink:to="Label_label_dart_LongTermTradeAndOtherNonCurrentReceivablesGross_ko" xlink:type="arc" priority="1" />
    <link:loc xlink:href="http://dart.fss.or.kr/Resource/Taxonomy/ifrs/2017-10-01/ifrs-cor_2010-04-30.xsd#ifrs_InvestmentsInSubsidiariesJointVenturesAndAssociates" xlink:label="Loc_ifrs_InvestmentsInSubsidiariesJointVenturesAndAssociates" xlink:type="locator" />
    <link:label xlink:type="resource" xlink:role="http://www.xbrl.org/2003/role/label" xlink:label="Label_label_ifrs_InvestmentsInSubsidiariesJointVenturesAndAssociates_ko" xml:lang="ko" id="Label_label_ifrs_InvestmentsInSubsidiariesJointVenturesAndAssociates_ko">관계기업및공동기업투자</link:label>
    <link:labelArc xlink:arcrole="http://www.xbrl.org/2003/arcrole/concept-label" xlink:from="Loc_ifrs_InvestmentsInSubsidiariesJointVenturesAndAssociates" xlink:to="Label_label_ifrs_InvestmentsInSubsidiariesJointVenturesAndAssociates_ko" xlink:type="arc" priority="1" />
    <link:loc xlink:href="../00141875_entry_point_2011-05-04.xsd#entity00141875_udf_BS_2017116134115239_NoncurrentAssets" xlink:label="Loc_entity00141875_udf_BS_2017116134115239_NoncurrentAssets" xlink:type="locator" />
    <link:label xlink:type="resource" xlink:role="http://www.xbrl.org/2003/role/label" xlink:label="Label_label_entity00141875_udf_BS_2017116134115239_NoncurrentAssets_ko" xml:lang="ko" id="Label_label_entity00141875_udf_BS_2017116134115239_NoncurrentAssets_ko">무형자산</link:label>
    <link:labelArc xlink:arcrole="http://www.xbrl.org/2003/arcrole/concept-label" xlink:from="Loc_entity00141875_udf_BS_2017116134115239_NoncurrentAssets" xlink:to="Label_label_entity00141875_udf_BS_2017116134115239_NoncurrentAssets_ko" xlink:type="arc" />
    <link:label xlink:type="resource" xlink:role="http://www.xbrl.org/2003/role/documentation" xlink:label="Label_entity00141875_udf_BS_2017116134115239_NoncurrentAssets_ko_doc" xml:lang="ko">
    </link:label>
    <link:labelArc xlink:arcrole="http://www.xbrl.org/2003/arcrole/concept-label" xlink:from="Loc_entity00141875_udf_BS_2017116134115239_NoncurrentAssets" xlink:to="Label_entity00141875_udf_BS_2017116134115239_NoncurrentAssets_ko_doc" xlink:type="arc" />
    <link:loc xlink:href="../00141875_entry_point_2011-05-04.xsd#entity00141875_udf_BS_2017116135638203_CurrentLiabilities" xlink:label="Loc_entity00141875_udf_BS_2017116135638203_CurrentLiabilities" xlink:type="locator" />
    <link:label xlink:type="resource" xlink:role="http://www.xbrl.org/2003/role/label" xlink:label="Label_label_entity00141875_udf_BS_2017116135638203_CurrentLiabilities_ko" xml:lang="ko" id="Label_label_entity00141875_udf_BS_2017116135638203_CurrentLiabilities_ko">단기차입금및유동성장기차입금</link:label>
    <link:labelArc xlink:arcrole="http://www.xbrl.org/2003/arcrole/concept-label" xlink:from="Loc_entity00141875_udf_BS_2017116135638203_CurrentLiabilities" xlink:to="Label_label_entity00141875_udf_BS_2017116135638203_CurrentLiabilities_ko" xlink:type="arc" />
    <link:label xlink:type="resource" xlink:role="http://www.xbrl.org/2003/role/documentation" xlink:label="Label_entity00141875_udf_BS_2017116135638203_CurrentLiabilities_ko_doc" xml:lang="ko">
    </link:label>
    <link:labelArc xlink:arcrole="http://www.xbrl.org/2003/arcrole/concept-label" xlink:from="Loc_entity00141875_udf_BS_2017116135638203_CurrentLiabilities" xlink:to="Label_entity00141875_udf_BS_2017116135638203_CurrentLiabilities_ko_doc" xlink:type="arc" />
    <link:loc xlink:href="http://dart.fss.or.kr/Resource/Taxonomy/ifrs/2017-10-01/dart_2017-10-01.xsd#dart_LongTermTradeAndOtherNonCurrentPayables" xlink:label="Loc_dart_LongTermTradeAndOtherNonCurrentPayables" xlink:type="locator" />
    <link:label xlink:type="resource" xlink:role="http://www.xbrl.org/2003/role/label" xlink:label="Label_label_dart_LongTermTradeAndOtherNonCurrentPayables_ko" xml:lang="ko" id="Label_label_dart_LongTermTradeAndOtherNonCurrentPayables_ko">장기기타채무</link:label>
    <link:labelArc xlink:arcrole="http://www.xbrl.org/2003/arcrole/concept-label" xlink:from="Loc_dart_LongTermTradeAndOtherNonCurrentPayables" xlink:to="Label_label_dart_LongTermTradeAndOtherNonCurrentPayables_ko" xlink:type="arc" priority="1" />
  </link:labelLink>
</link:linkbase>