<?xml version="1.0" encoding="UTF-8"?>
<!-- Generated by DART -->
<link:linkbase xmlns:link="http://www.xbrl.org/2003/linkbase" xmlns:xlink="http://www.w3.org/1999/xlink" xmlns:xsi="http://www.w3.org/2001/XMLSchema-instance" xmlns:xbrli="http://www.xbrl.org/2003/instance" xsi:schemaLocation="http://www.xbrl.org/2003/linkbase http://www.xbrl.org/2003/xbrl-linkbase-2003-12-31.xsd">
  <link:roleRef roleURI="http://www.xbrl.org/2009/role/negatedLabel" xlink:type="simple" xlink:href="http://www.xbrl.org/lrr/role/negated-2009-12-16.xsd#negatedLabel" />
  <link:roleRef roleURI="http://www.xbrl.org/2009/role/negatedTerseLabel" xlink:type="simple" xlink:href="http://www.xbrl.org/lrr/role/negated-2009-12-16.xsd#negatedTerseLabel" />
  <link:roleRef roleURI="http://www.xbrl.org/2009/role/negatedTotalLabel" xlink:type="simple" xlink:href="http://www.xbrl.org/lrr/role/negated-2009-12-16.xsd#negatedTotalLabel" />
  <link:roleRef roleURI="http://www.xbrl.org/2009/role/negatedPeriodStartLabel" xlink:type="simple" xlink:href="http://www.xbrl.org/lrr/role/negated-2009-12-16.xsd#negatedPeriodStartLabel" />
  <link:roleRef roleURI="http://www.xbrl.org/2009/role/negatedPeriodEndLabel" xlink:type="simple" xlink:href="http://www.xbrl.org/lrr/role/negated-2009-12-16.xsd#negatedPeriodEndLabel" />
  <link:roleRef roleURI="http://www.xbrl.org/2009/role/netLabel" xlink:type="simple" xlink:href="http://www.xbrl.org/lrr/role/net-2009-12-16.xsd#netLabel" />
  <link:roleRef roleURI="http://dart.fss.or.kr/role/2017-10-01/ifrs/dart_label" xlink:type="simple" xlink:href="http://dart.fss.or.kr/Resource/Taxonomy/ifrs/2017-10-01/ifrs_for_dart/rol_dart-label_2017-10-01.xsd#dartLabel" />
  <link:labelLink xlink:type="extended" xlink:role="http://www.xbrl.org/2003/role/link">
    <link:loc xlink:href="http://dart.fss.or.kr/Resource/Taxonomy/ifrs/2017-10-01/ifrs-cor_2010-04-30.xsd#ifrs_OtherIncomeExpenseFromSubsidiariesJointlyControlledEntitiesAndAssociates" xlink:label="Loc_ifrs_OtherIncomeExpenseFromSubsidiariesJointlyControlledEntitiesAndAssociates" xlink:type="locator" />
    <link:label xlink:type="resource" xlink:role="http://www.xbrl.org/2003/role/label" xlink:label="Label_label_ifrs_OtherIncomeExpenseFromSubsidiariesJointlyControlledEntitiesAndAssociates_en" xml:lang="en" id="Label_label_ifrs_OtherIncomeExpenseFromSubsidiariesJointlyControlledEntitiesAndAssociates_en">Gains(Losses) in Equity Method</link:label>
    <link:labelArc xlink:arcrole="http://www.xbrl.org/2003/arcrole/concept-label" xlink:from="Loc_ifrs_OtherIncomeExpenseFromSubsidiariesJointlyControlledEntitiesAndAssociates" xlink:to="Label_label_ifrs_OtherIncomeExpenseFromSubsidiariesJointlyControlledEntitiesAndAssociates_en" xlink:type="arc" priority="1" />
    <link:loc xlink:href="../00141875_entry_point_2011-05-04.xsd#entity00141875_udf_CE_201832717303914_StatementOfChangesInEquityLineItems" xlink:label="Loc_entity00141875_udf_CE_201832717303914_StatementOfChangesInEquityLineItems" xlink:type="locator" />
    <link:label xlink:type="resource" xlink:role="http://www.xbrl.org/2003/role/label" xlink:label="Label_label_entity00141875_udf_CE_201832717303914_StatementOfChangesInEquityLineItems_en" xml:lang="en" id="Label_label_entity00141875_udf_CE_201832717303914_StatementOfChangesInEquityLineItems_en">Changes due to mergers</link:label>
    <link:labelArc xlink:arcrole="http://www.xbrl.org/2003/arcrole/concept-label" xlink:from="Loc_entity00141875_udf_CE_201832717303914_StatementOfChangesInEquityLineItems" xlink:to="Label_label_entity00141875_udf_CE_201832717303914_StatementOfChangesInEquityLineItems_en" xlink:type="arc" />
    <link:label xlink:type="resource" xlink:role="http://www.xbrl.org/2003/role/documentation" xlink:label="Label_entity00141875_udf_CE_201832717303914_StatementOfChangesInEquityLineItems_en_doc" xml:lang="en">
    </link:label>
    <link:labelArc xlink:arcrole="http://www.xbrl.org/2003/arcrole/concept-label" xlink:from="Loc_entity00141875_udf_CE_201832717303914_StatementOfChangesInEquityLineItems" xlink:to="Label_entity00141875_udf_CE_201832717303914_StatementOfChangesInEquityLineItems_en_doc" xlink:type="arc" />
    <link:loc xlink:href="../00141875_entry_point_2011-05-04.xsd#entity00141875_udf_CE_2018327173027510_StatementOfChangesInEquityLineItems" xlink:label="Loc_entity00141875_udf_CE_2018327173027510_StatementOfChangesInEquityLineItems" xlink:type="locator" />
    <link:label xlink:type="resource" xlink:role="http://www.xbrl.org/2003/role/label" xlink:label="Label_label_entity00141875_udf_CE_2018327173027510_StatementOfChangesInEquityLineItems_en" xml:lang="en" id="Label_label_entity00141875_udf_CE_2018327173027510_StatementOfChangesInEquityLineItems_en">Purchase of Treasury Stock</link:label>
    <link:labelArc xlink:arcrole="http://www.xbrl.org/2003/arcrole/concept-label" xlink:from="Loc_entity00141875_udf_CE_2018327173027510_StatementOfChangesInEquityLineItems" xlink:to="Label_label_entity00141875_udf_CE_2018327173027510_StatementOfChangesInEquityLineItems_en" xlink:type="arc" />
    <link:label xlink:type="resource" xlink:role="http://www.xbrl.org/2003/role/documentation" xlink:label="Label_entity00141875_udf_CE_2018327173027510_StatementOfChangesInEquityLineItems_en_doc" xml:lang="en">
    </link:label>
    <link:labelArc xlink:arcrole="http://www.xbrl.org/2003/arcrole/concept-label" xlink:from="Loc_entity00141875_udf_CE_2018327173027510_StatementOfChangesInEquityLineItems" xlink:to="Label_entity00141875_udf_CE_2018327173027510_StatementOfChangesInEquityLineItems_en_doc" xlink:type="arc" />
    <link:loc xlink:href="../00141875_entry_point_2011-05-04.xsd#entity00141875_udf_CE_2017116153144812_StatementOfChangesInEquityLineItems" xlink:label="Loc_entity00141875_udf_CE_2017116153144812_StatementOfChangesInEquityLineItems" xlink:type="locator" />
    <link:label xlink:type="resource" xlink:role="http://www.xbrl.org/2003/role/label" xlink:label="Label_label_entity00141875_udf_CE_2017116153144812_StatementOfChangesInEquityLineItems_en" xml:lang="en" id="Label_label_entity00141875_udf_CE_2017116153144812_StatementOfChangesInEquityLineItems_en">COMPREHENSIVE INCOME FOR THE YEAR</link:label>
    <link:labelArc xlink:arcrole="http://www.xbrl.org/2003/arcrole/concept-label" xlink:from="Loc_entity00141875_udf_CE_2017116153144812_StatementOfChangesInEquityLineItems" xlink:to="Label_label_entity00141875_udf_CE_2017116153144812_StatementOfChangesInEquityLineItems_en" xlink:type="arc" />
    <link:label xlink:type="resource" xlink:role="http://www.xbrl.org/2003/role/documentation" xlink:label="Label_entity00141875_udf_CE_2017116153144812_StatementOfChangesInEquityLineItems_en_doc" xml:lang="en">
    </link:label>
    <link:labelArc xlink:arcrole="http://www.xbrl.org/2003/arcrole/concept-label" xlink:from="Loc_entity00141875_udf_CE_2017116153144812_StatementOfChangesInEquityLineItems" xlink:to="Label_entity00141875_udf_CE_2017116153144812_StatementOfChangesInEquityLineItems_en_doc" xlink:type="arc" />
    <link:loc xlink:href="../00141875_entry_point_2011-05-04.xsd#entity00141875_udf_CE_2017116152127468_StatementOfChangesInEquityLineItems" xlink:label="Loc_entity00141875_udf_CE_2017116152127468_StatementOfChangesInEquityLineItems" xlink:type="locator" />
    <link:label xlink:type="resource" xlink:role="http://www.xbrl.org/2003/role/label" xlink:label="Label_label_entity00141875_udf_CE_2017116152127468_StatementOfChangesInEquityLineItems_en" xml:lang="en" id="Label_label_entity00141875_udf_CE_2017116152127468_StatementOfChangesInEquityLineItems_en">Gains(Losses) on Valuation of Available-for-Sale Financial Assets</link:label>
    <link:labelArc xlink:arcrole="http://www.xbrl.org/2003/arcrole/concept-label" xlink:from="Loc_entity00141875_udf_CE_2017116152127468_StatementOfChangesInEquityLineItems" xlink:to="Label_label_entity00141875_udf_CE_2017116152127468_StatementOfChangesInEquityLineItems_en" xlink:type="arc" />
    <link:label xlink:type="resource" xlink:role="http://www.xbrl.org/2003/role/documentation" xlink:label="Label_entity00141875_udf_CE_2017116152127468_StatementOfChangesInEquityLineItems_en_doc" xml:lang="en">
    </link:label>
    <link:labelArc xlink:arcrole="http://www.xbrl.org/2003/arcrole/concept-label" xlink:from="Loc_entity00141875_udf_CE_2017116152127468_StatementOfChangesInEquityLineItems" xlink:to="Label_entity00141875_udf_CE_2017116152127468_StatementOfChangesInEquityLineItems_en_doc" xlink:type="arc" />
    <link:loc xlink:href="../00141875_entry_point_2011-05-04.xsd#entity00141875_udf_CE_2017116152136164_StatementOfChangesInEquityLineItems" xlink:label="Loc_entity00141875_udf_CE_2017116152136164_StatementOfChangesInEquityLineItems" xlink:type="locator" />
    <link:label xlink:type="resource" xlink:role="http://www.xbrl.org/2003/role/label" xlink:label="Label_label_entity00141875_udf_CE_2017116152136164_StatementOfChangesInEquityLineItems_en" xml:lang="en" id="Label_label_entity00141875_udf_CE_2017116152136164_StatementOfChangesInEquityLineItems_en">Other Comprehensive Income of Associates etc.</link:label>
    <link:labelArc xlink:arcrole="http://www.xbrl.org/2003/arcrole/concept-label" xlink:from="Loc_entity00141875_udf_CE_2017116152136164_StatementOfChangesInEquityLineItems" xlink:to="Label_label_entity00141875_udf_CE_2017116152136164_StatementOfChangesInEquityLineItems_en" xlink:type="arc" />
    <link:label xlink:type="resource" xlink:role="http://www.xbrl.org/2003/role/documentation" xlink:label="Label_entity00141875_udf_CE_2017116152136164_StatementOfChangesInEquityLineItems_en_doc" xml:lang="en">
    </link:label>
    <link:labelArc xlink:arcrole="http://www.xbrl.org/2003/arcrole/concept-label" xlink:from="Loc_entity00141875_udf_CE_2017116152136164_StatementOfChangesInEquityLineItems" xlink:to="Label_entity00141875_udf_CE_2017116152136164_StatementOfChangesInEquityLineItems_en_doc" xlink:type="arc" />
    <link:loc xlink:href="../00141875_entry_point_2011-05-04.xsd#entity00141875_udf_CE_2017116152145836_StatementOfChangesInEquityLineItems" xlink:label="Loc_entity00141875_udf_CE_2017116152145836_StatementOfChangesInEquityLineItems" xlink:type="locator" />
    <link:label xlink:type="resource" xlink:role="http://www.xbrl.org/2003/role/label" xlink:label="Label_label_entity00141875_udf_CE_2017116152145836_StatementOfChangesInEquityLineItems_en" xml:lang="en" id="Label_label_entity00141875_udf_CE_2017116152145836_StatementOfChangesInEquityLineItems_en">Reserve of Actuarial Gains or Losses on Defined Benefit Plans</link:label>
    <link:labelArc xlink:arcrole="http://www.xbrl.org/2003/arcrole/concept-label" xlink:from="Loc_entity00141875_udf_CE_2017116152145836_StatementOfChangesInEquityLineItems" xlink:to="Label_label_entity00141875_udf_CE_2017116152145836_StatementOfChangesInEquityLineItems_en" xlink:type="arc" />
    <link:label xlink:type="resource" xlink:role="http://www.xbrl.org/2003/role/documentation" xlink:label="Label_entity00141875_udf_CE_2017116152145836_StatementOfChangesInEquityLineItems_en_doc" xml:lang="en">
    </link:label>
    <link:labelArc xlink:arcrole="http://www.xbrl.org/2003/arcrole/concept-label" xlink:from="Loc_entity00141875_udf_CE_2017116152145836_StatementOfChangesInEquityLineItems" xlink:to="Label_entity00141875_udf_CE_2017116152145836_StatementOfChangesInEquityLineItems_en_doc" xlink:type="arc" />
    <link:loc xlink:href="../00141875_entry_point_2011-05-04.xsd#entity00141875_udf_CE_2017116152215507_StatementOfChangesInEquityLineItems" xlink:label="Loc_entity00141875_udf_CE_2017116152215507_StatementOfChangesInEquityLineItems" xlink:type="locator" />
    <link:label xlink:type="resource" xlink:role="http://www.xbrl.org/2003/role/label" xlink:label="Label_label_entity00141875_udf_CE_2017116152215507_StatementOfChangesInEquityLineItems_en" xml:lang="en" id="Label_label_entity00141875_udf_CE_2017116152215507_StatementOfChangesInEquityLineItems_en">Change of Retained Earnings in Equity Method</link:label>
    <link:labelArc xlink:arcrole="http://www.xbrl.org/2003/arcrole/concept-label" xlink:from="Loc_entity00141875_udf_CE_2017116152215507_StatementOfChangesInEquityLineItems" xlink:to="Label_label_entity00141875_udf_CE_2017116152215507_StatementOfChangesInEquityLineItems_en" xlink:type="arc" />
    <link:label xlink:type="resource" xlink:role="http://www.xbrl.org/2003/role/documentation" xlink:label="Label_entity00141875_udf_CE_2017116152215507_StatementOfChangesInEquityLineItems_en_doc" xml:lang="en">
    </link:label>
    <link:labelArc xlink:arcrole="http://www.xbrl.org/2003/arcrole/concept-label" xlink:from="Loc_entity00141875_udf_CE_2017116152215507_StatementOfChangesInEquityLineItems" xlink:to="Label_entity00141875_udf_CE_2017116152215507_StatementOfChangesInEquityLineItems_en_doc" xlink:type="arc" />
    <link:loc xlink:href="../00141875_entry_point_2011-05-04.xsd#entity00141875_udf_CE_2017116152229915_StatementOfChangesInEquityLineItems" xlink:label="Loc_entity00141875_udf_CE_2017116152229915_StatementOfChangesInEquityLineItems" xlink:type="locator" />
    <link:label xlink:type="resource" xlink:role="http://www.xbrl.org/2003/role/label" xlink:label="Label_label_entity00141875_udf_CE_2017116152229915_StatementOfChangesInEquityLineItems_en" xml:lang="en" id="Label_label_entity00141875_udf_CE_2017116152229915_StatementOfChangesInEquityLineItems_en">Total Other comprehensive income</link:label>
    <link:labelArc xlink:arcrole="http://www.xbrl.org/2003/arcrole/concept-label" xlink:from="Loc_entity00141875_udf_CE_2017116152229915_StatementOfChangesInEquityLineItems" xlink:to="Label_label_entity00141875_udf_CE_2017116152229915_StatementOfChangesInEquityLineItems_en" xlink:type="arc" />
    <link:label xlink:type="resource" xlink:role="http://www.xbrl.org/2003/role/documentation" xlink:label="Label_entity00141875_udf_CE_2017116152229915_StatementOfChangesInEquityLineItems_en_doc" xml:lang="en">
    </link:label>
    <link:labelArc xlink:arcrole="http://www.xbrl.org/2003/arcrole/concept-label" xlink:from="Loc_entity00141875_udf_CE_2017116152229915_StatementOfChangesInEquityLineItems" xlink:to="Label_entity00141875_udf_CE_2017116152229915_StatementOfChangesInEquityLineItems_en_doc" xlink:type="arc" />
    <link:loc xlink:href="../00141875_entry_point_2011-05-04.xsd#entity00141875_udf_CE_2017116152243419_StatementOfChangesInEquityLineItems" xlink:label="Loc_entity00141875_udf_CE_2017116152243419_StatementOfChangesInEquityLineItems" xlink:type="locator" />
    <link:label xlink:type="resource" xlink:role="http://www.xbrl.org/2003/role/label" xlink:label="Label_label_entity00141875_udf_CE_2017116152243419_StatementOfChangesInEquityLineItems_en" xml:lang="en" id="Label_label_entity00141875_udf_CE_2017116152243419_StatementOfChangesInEquityLineItems_en">Total Comprehensive Income For The Year</link:label>
    <link:labelArc xlink:arcrole="http://www.xbrl.org/2003/arcrole/concept-label" xlink:from="Loc_entity00141875_udf_CE_2017116152243419_StatementOfChangesInEquityLineItems" xlink:to="Label_label_entity00141875_udf_CE_2017116152243419_StatementOfChangesInEquityLineItems_en" xlink:type="arc" />
    <link:label xlink:type="resource" xlink:role="http://www.xbrl.org/2003/role/documentation" xlink:label="Label_entity00141875_udf_CE_2017116152243419_StatementOfChangesInEquityLineItems_en_doc" xml:lang="en">
    </link:label>
    <link:labelArc xlink:arcrole="http://www.xbrl.org/2003/arcrole/concept-label" xlink:from="Loc_entity00141875_udf_CE_2017116152243419_StatementOfChangesInEquityLineItems" xlink:to="Label_entity00141875_udf_CE_2017116152243419_StatementOfChangesInEquityLineItems_en_doc" xlink:type="arc" />
    <link:loc xlink:href="../00141875_entry_point_2011-05-04.xsd#entity00141875_udf_CF_201832718256271_CashFlowsFromUsedInOperatingActivities" xlink:label="Loc_entity00141875_udf_CF_201832718256271_CashFlowsFromUsedInOperatingActivities" xlink:type="locator" />
    <link:label xlink:type="resource" xlink:role="http://www.xbrl.org/2003/role/label" xlink:label="Label_label_entity00141875_udf_CF_201832718256271_CashFlowsFromUsedInOperatingActivities_en" xml:lang="en" id="Label_label_entity00141875_udf_CF_201832718256271_CashFlowsFromUsedInOperatingActivities_en">Losses on disposition of investment stocks in related companies</link:label>
    <link:labelArc xlink:arcrole="http://www.xbrl.org/2003/arcrole/concept-label" xlink:from="Loc_entity00141875_udf_CF_201832718256271_CashFlowsFromUsedInOperatingActivities" xlink:to="Label_label_entity00141875_udf_CF_201832718256271_CashFlowsFromUsedInOperatingActivities_en" xlink:type="arc" />
    <link:label xlink:type="resource" xlink:role="http://www.xbrl.org/2003/role/documentation" xlink:label="Label_entity00141875_udf_CF_201832718256271_CashFlowsFromUsedInOperatingActivities_en_doc" xml:lang="en">
    </link:label>
    <link:labelArc xlink:arcrole="http://www.xbrl.org/2003/arcrole/concept-label" xlink:from="Loc_entity00141875_udf_CF_201832718256271_CashFlowsFromUsedInOperatingActivities" xlink:to="Label_entity00141875_udf_CF_201832718256271_CashFlowsFromUsedInOperatingActivities_en_doc" xlink:type="arc" />
    <link:loc xlink:href="../00141875_entry_point_2011-05-04.xsd#entity00141875_udf_CF_201832718352336_CashFlowsFromUsedInOperatingActivities" xlink:label="Loc_entity00141875_udf_CF_201832718352336_CashFlowsFromUsedInOperatingActivities" xlink:type="locator" />
    <link:label xlink:type="resource" xlink:role="http://www.xbrl.org/2003/role/label" xlink:label="Label_label_entity00141875_udf_CF_201832718352336_CashFlowsFromUsedInOperatingActivities_en" xml:lang="en" id="Label_label_entity00141875_udf_CF_201832718352336_CashFlowsFromUsedInOperatingActivities_en">Gains on Disposition of Available-for-Sale Financial Assets</link:label>
    <link:labelArc xlink:arcrole="http://www.xbrl.org/2003/arcrole/concept-label" xlink:from="Loc_entity00141875_udf_CF_201832718352336_CashFlowsFromUsedInOperatingActivities" xlink:to="Label_label_entity00141875_udf_CF_201832718352336_CashFlowsFromUsedInOperatingActivities_en" xlink:type="arc" />
    <link:label xlink:type="resource" xlink:role="http://www.xbrl.org/2003/role/documentation" xlink:label="Label_entity00141875_udf_CF_201832718352336_CashFlowsFromUsedInOperatingActivities_en_doc" xml:lang="en">
    </link:label>
    <link:labelArc xlink:arcrole="http://www.xbrl.org/2003/arcrole/concept-label" xlink:from="Loc_entity00141875_udf_CF_201832718352336_CashFlowsFromUsedInOperatingActivities" xlink:to="Label_entity00141875_udf_CF_201832718352336_CashFlowsFromUsedInOperatingActivities_en_doc" xlink:type="arc" />
    <link:loc xlink:href="http://dart.fss.or.kr/Resource/Taxonomy/ifrs/2017-10-01/dart_2017-10-01.xsd#dart_AdjustmentsForProfitsOfAssociatesAndJointVenturesAccountedForUsingEquityMethod" xlink:label="Loc_dart_AdjustmentsForProfitsOfAssociatesAndJointVenturesAccountedForUsingEquityMethod" xlink:type="locator" />
    <link:label xlink:type="resource" xlink:role="http://www.xbrl.org/2003/role/label" xlink:label="Label_label_dart_AdjustmentsForProfitsOfAssociatesAndJointVenturesAccountedForUsingEquityMethod_en" xml:lang="en" id="Label_label_dart_AdjustmentsForProfitsOfAssociatesAndJointVenturesAccountedForUsingEquityMethod_en">Gains(Losses) in Equity Method</link:label>
    <link:labelArc xlink:arcrole="http://www.xbrl.org/2003/arcrole/concept-label" xlink:from="Loc_dart_AdjustmentsForProfitsOfAssociatesAndJointVenturesAccountedForUsingEquityMethod" xlink:to="Label_label_dart_AdjustmentsForProfitsOfAssociatesAndJointVenturesAccountedForUsingEquityMethod_en" xlink:type="arc" priority="1" />
    <link:loc xlink:href="../00141875_entry_point_2011-05-04.xsd#entity00141875_udf_CF_2017116164727624_CashFlowsFromUsedInOperatingActivities" xlink:label="Loc_entity00141875_udf_CF_2017116164727624_CashFlowsFromUsedInOperatingActivities" xlink:type="locator" />
    <link:label xlink:type="resource" xlink:role="http://www.xbrl.org/2003/role/label" xlink:label="Label_label_entity00141875_udf_CF_2017116164727624_CashFlowsFromUsedInOperatingActivities_en" xml:lang="en" id="Label_label_entity00141875_udf_CF_2017116164727624_CashFlowsFromUsedInOperatingActivities_en">Stock Dividends</link:label>
    <link:labelArc xlink:arcrole="http://www.xbrl.org/2003/arcrole/concept-label" xlink:from="Loc_entity00141875_udf_CF_2017116164727624_CashFlowsFromUsedInOperatingActivities" xlink:to="Label_label_entity00141875_udf_CF_2017116164727624_CashFlowsFromUsedInOperatingActivities_en" xlink:type="arc" />
    <link:label xlink:type="resource" xlink:role="http://www.xbrl.org/2003/role/documentation" xlink:label="Label_entity00141875_udf_CF_2017116164727624_CashFlowsFromUsedInOperatingActivities_en_doc" xml:lang="en">
    </link:label>
    <link:labelArc xlink:arcrole="http://www.xbrl.org/2003/arcrole/concept-label" xlink:from="Loc_entity00141875_udf_CF_2017116164727624_CashFlowsFromUsedInOperatingActivities" xlink:to="Label_entity00141875_udf_CF_2017116164727624_CashFlowsFromUsedInOperatingActivities_en_doc" xlink:type="arc" />
    <link:loc xlink:href="http://dart.fss.or.kr/Resource/Taxonomy/ifrs/2017-10-01/dart_2017-10-01.xsd#dart_AdjustmentsForIncreasedecreaseInGuaranteeDepositRent" xlink:label="Loc_dart_AdjustmentsForIncreasedecreaseInGuaranteeDepositRent" xlink:type="locator" />
    <link:label xlink:type="resource" xlink:role="http://www.xbrl.org/2003/role/label" xlink:label="Label_label_dart_AdjustmentsForIncreasedecreaseInGuaranteeDepositRent_en" xml:lang="en" id="Label_label_dart_AdjustmentsForIncreasedecreaseInGuaranteeDepositRent_en">Adjustments for increase (decrease) in guarantee deposit received</link:label>
    <link:labelArc xlink:arcrole="http://www.xbrl.org/2003/arcrole/concept-label" xlink:from="Loc_dart_AdjustmentsForIncreasedecreaseInGuaranteeDepositRent" xlink:to="Label_label_dart_AdjustmentsForIncreasedecreaseInGuaranteeDepositRent_en" xlink:type="arc" priority="1" />
    <link:loc xlink:href="../00141875_entry_point_2011-05-04.xsd#entity00141875_udf_CF_2017116165123863_CashFlowsFromUsedInOperatingActivities" xlink:label="Loc_entity00141875_udf_CF_2017116165123863_CashFlowsFromUsedInOperatingActivities" xlink:type="locator" />
    <link:label xlink:type="resource" xlink:role="http://www.xbrl.org/2003/role/label" xlink:label="Label_label_entity00141875_udf_CF_2017116165123863_CashFlowsFromUsedInOperatingActivities_en" xml:lang="en" id="Label_label_entity00141875_udf_CF_2017116165123863_CashFlowsFromUsedInOperatingActivities_en">Payments of Retirement Allowance</link:label>
    <link:labelArc xlink:arcrole="http://www.xbrl.org/2003/arcrole/concept-label" xlink:from="Loc_entity00141875_udf_CF_2017116165123863_CashFlowsFromUsedInOperatingActivities" xlink:to="Label_label_entity00141875_udf_CF_2017116165123863_CashFlowsFromUsedInOperatingActivities_en" xlink:type="arc" />
    <link:label xlink:type="resource" xlink:role="http://www.xbrl.org/2003/role/documentation" xlink:label="Label_entity00141875_udf_CF_2017116165123863_CashFlowsFromUsedInOperatingActivities_en_doc" xml:lang="en">
    </link:label>
    <link:labelArc xlink:arcrole="http://www.xbrl.org/2003/arcrole/concept-label" xlink:from="Loc_entity00141875_udf_CF_2017116165123863_CashFlowsFromUsedInOperatingActivities" xlink:to="Label_entity00141875_udf_CF_2017116165123863_CashFlowsFromUsedInOperatingActivities_en_doc" xlink:type="arc" />
    <link:loc xlink:href="../00141875_entry_point_2011-05-04.xsd#entity00141875_udf_CF_2017116165159207_CashFlowsFromUsedInOperatingActivities" xlink:label="Loc_entity00141875_udf_CF_2017116165159207_CashFlowsFromUsedInOperatingActivities" xlink:type="locator" />
    <link:label xlink:type="resource" xlink:role="http://www.xbrl.org/2003/role/label" xlink:label="Label_label_entity00141875_udf_CF_2017116165159207_CashFlowsFromUsedInOperatingActivities_en" xml:lang="en" id="Label_label_entity00141875_udf_CF_2017116165159207_CashFlowsFromUsedInOperatingActivities_en">Decrease (increase) in National Pension Conversion</link:label>
    <link:labelArc xlink:arcrole="http://www.xbrl.org/2003/arcrole/concept-label" xlink:from="Loc_entity00141875_udf_CF_2017116165159207_CashFlowsFromUsedInOperatingActivities" xlink:to="Label_label_entity00141875_udf_CF_2017116165159207_CashFlowsFromUsedInOperatingActivities_en" xlink:type="arc" />
    <link:label xlink:type="resource" xlink:role="http://www.xbrl.org/2003/role/documentation" xlink:label="Label_entity00141875_udf_CF_2017116165159207_CashFlowsFromUsedInOperatingActivities_en_doc" xml:lang="en">
    </link:label>
    <link:labelArc xlink:arcrole="http://www.xbrl.org/2003/arcrole/concept-label" xlink:from="Loc_entity00141875_udf_CF_2017116165159207_CashFlowsFromUsedInOperatingActivities" xlink:to="Label_entity00141875_udf_CF_2017116165159207_CashFlowsFromUsedInOperatingActivities_en_doc" xlink:type="arc" />
    <link:loc xlink:href="http://dart.fss.or.kr/Resource/Taxonomy/ifrs/2017-10-01/dart_2017-10-01.xsd#dart_ProceedsFromSalesOfShortTermLoansAndReceivables" xlink:label="Loc_dart_ProceedsFromSalesOfShortTermLoansAndReceivables" xlink:type="locator" />
    <link:label xlink:type="resource" xlink:role="http://www.xbrl.org/2003/role/label" xlink:label="Label_label_dart_ProceedsFromSalesOfShortTermLoansAndReceivables_en" xml:lang="en" id="Label_label_dart_ProceedsFromSalesOfShortTermLoansAndReceivables_en">Proceeds from sales of short-term loans</link:label>
    <link:labelArc xlink:arcrole="http://www.xbrl.org/2003/arcrole/concept-label" xlink:from="Loc_dart_ProceedsFromSalesOfShortTermLoansAndReceivables" xlink:to="Label_label_dart_ProceedsFromSalesOfShortTermLoansAndReceivables_en" xlink:type="arc" priority="1" />
    <link:loc xlink:href="http://dart.fss.or.kr/Resource/Taxonomy/ifrs/2017-10-01/ifrs-cor_2010-04-30.xsd#ifrs_ProceedsFromSalesOfPropertyPlantAndEquipmentClassifiedAsInvestingActivities" xlink:label="Loc_ifrs_ProceedsFromSalesOfPropertyPlantAndEquipmentClassifiedAsInvestingActivities" xlink:type="locator" />
    <link:label xlink:type="resource" xlink:role="http://www.xbrl.org/2003/role/terseLabel" xlink:label="Label_terseLabel_ifrs_ProceedsFromSalesOfPropertyPlantAndEquipmentClassifiedAsInvestingActivities_en" xml:lang="en" id="Label_terseLabel_ifrs_ProceedsFromSalesOfPropertyPlantAndEquipmentClassifiedAsInvestingActivities_en">Proceeds from sales of property, plant ,equipment and investment property</link:label>
    <link:labelArc xlink:arcrole="http://www.xbrl.org/2003/arcrole/concept-label" xlink:from="Loc_ifrs_ProceedsFromSalesOfPropertyPlantAndEquipmentClassifiedAsInvestingActivities" xlink:to="Label_terseLabel_ifrs_ProceedsFromSalesOfPropertyPlantAndEquipmentClassifiedAsInvestingActivities_en" xlink:type="arc" priority="1" />
    <link:loc xlink:href="../00141875_entry_point_2011-05-04.xsd#entity00141875_udf_CF_201832717461894_CashFlowsFromUsedInInvestingActivities" xlink:label="Loc_entity00141875_udf_CF_201832717461894_CashFlowsFromUsedInInvestingActivities" xlink:type="locator" />
    <link:label xlink:type="resource" xlink:role="http://www.xbrl.org/2003/role/label" xlink:label="Label_label_entity00141875_udf_CF_201832717461894_CashFlowsFromUsedInInvestingActivities_en" xml:lang="en" id="Label_label_entity00141875_udf_CF_201832717461894_CashFlowsFromUsedInInvestingActivities_en">Cash Inflows by Merger</link:label>
    <link:labelArc xlink:arcrole="http://www.xbrl.org/2003/arcrole/concept-label" xlink:from="Loc_entity00141875_udf_CF_201832717461894_CashFlowsFromUsedInInvestingActivities" xlink:to="Label_label_entity00141875_udf_CF_201832717461894_CashFlowsFromUsedInInvestingActivities_en" xlink:type="arc" />
    <link:label xlink:type="resource" xlink:role="http://www.xbrl.org/2003/role/documentation" xlink:label="Label_entity00141875_udf_CF_201832717461894_CashFlowsFromUsedInInvestingActivities_en_doc" xml:lang="en">
    </link:label>
    <link:labelArc xlink:arcrole="http://www.xbrl.org/2003/arcrole/concept-label" xlink:from="Loc_entity00141875_udf_CF_201832717461894_CashFlowsFromUsedInInvestingActivities" xlink:to="Label_entity00141875_udf_CF_201832717461894_CashFlowsFromUsedInInvestingActivities_en_doc" xlink:type="arc" />
    <link:loc xlink:href="http://dart.fss.or.kr/Resource/Taxonomy/ifrs/2017-10-01/dart_2017-10-01.xsd#dart_PurchaseOfShortTermLoansAndReceivables" xlink:label="Loc_dart_PurchaseOfShortTermLoansAndReceivables" xlink:type="locator" />
    <link:label xlink:type="resource" xlink:role="http://www.xbrl.org/2003/role/label" xlink:label="Label_label_dart_PurchaseOfShortTermLoansAndReceivables_en" xml:lang="en" id="Label_label_dart_PurchaseOfShortTermLoansAndReceivables_en">Purchase of short-term loans</link:label>
    <link:labelArc xlink:arcrole="http://www.xbrl.org/2003/arcrole/concept-label" xlink:from="Loc_dart_PurchaseOfShortTermLoansAndReceivables" xlink:to="Label_label_dart_PurchaseOfShortTermLoansAndReceivables_en" xlink:type="arc" priority="1" />
    <link:loc xlink:href="http://dart.fss.or.kr/Resource/Taxonomy/ifrs/2017-10-01/ifrs-cor_2010-04-30.xsd#ifrs_PurchaseOfPropertyPlantAndEquipmentClassifiedAsInvestingActivities" xlink:label="Loc_ifrs_PurchaseOfPropertyPlantAndEquipmentClassifiedAsInvestingActivities" xlink:type="locator" />
    <link:label xlink:type="resource" xlink:role="http://www.xbrl.org/2009/role/negatedTerseLabel" xlink:label="Label_negatedTerseLabel_ifrs_PurchaseOfPropertyPlantAndEquipmentClassifiedAsInvestingActivities_en" xml:lang="en" id="Label_negatedTerseLabel_ifrs_PurchaseOfPropertyPlantAndEquipmentClassifiedAsInvestingActivities_en">Purchase of property, plant, equipment and investment property</link:label>
    <link:labelArc xlink:arcrole="http://www.xbrl.org/2003/arcrole/concept-label" xlink:from="Loc_ifrs_PurchaseOfPropertyPlantAndEquipmentClassifiedAsInvestingActivities" xlink:to="Label_negatedTerseLabel_ifrs_PurchaseOfPropertyPlantAndEquipmentClassifiedAsInvestingActivities_en" xlink:type="arc" priority="1" />
    <link:loc xlink:href="http://dart.fss.or.kr/Resource/Taxonomy/ifrs/2017-10-01/dart_2017-10-01.xsd#dart_RepaymentsOfLongTermBorrowings" xlink:label="Loc_dart_RepaymentsOfLongTermBorrowings" xlink:type="locator" />
    <link:label xlink:type="resource" xlink:role="http://www.xbrl.org/2003/role/label" xlink:label="Label_label_dart_RepaymentsOfLongTermBorrowings_en" xml:lang="en" id="Label_label_dart_RepaymentsOfLongTermBorrowings_en">Current Portion of Long-Term Borrowings</link:label>
    <link:labelArc xlink:arcrole="http://www.xbrl.org/2003/arcrole/concept-label" xlink:from="Loc_dart_RepaymentsOfLongTermBorrowings" xlink:to="Label_label_dart_RepaymentsOfLongTermBorrowings_en" xlink:type="arc" priority="1" />
    <link:loc xlink:href="../00141875_entry_point_2011-05-04.xsd#entity00141875_udf_CF_2018327174935454_CashFlowsFromUsedInFinancingActivities" xlink:label="Loc_entity00141875_udf_CF_2018327174935454_CashFlowsFromUsedInFinancingActivities" xlink:type="locator" />
    <link:label xlink:type="resource" xlink:role="http://www.xbrl.org/2003/role/label" xlink:label="Label_label_entity00141875_udf_CF_2018327174935454_CashFlowsFromUsedInFinancingActivities_en" xml:lang="en" id="Label_label_entity00141875_udf_CF_2018327174935454_CashFlowsFromUsedInFinancingActivities_en">Payment of the cost of stock issuance</link:label>
    <link:labelArc xlink:arcrole="http://www.xbrl.org/2003/arcrole/concept-label" xlink:from="Loc_entity00141875_udf_CF_2018327174935454_CashFlowsFromUsedInFinancingActivities" xlink:to="Label_label_entity00141875_udf_CF_2018327174935454_CashFlowsFromUsedInFinancingActivities_en" xlink:type="arc" />
    <link:label xlink:type="resource" xlink:role="http://www.xbrl.org/2003/role/documentation" xlink:label="Label_entity00141875_udf_CF_2018327174935454_CashFlowsFromUsedInFinancingActivities_en_doc" xml:lang="en">
    </link:label>
    <link:labelArc xlink:arcrole="http://www.xbrl.org/2003/arcrole/concept-label" xlink:from="Loc_entity00141875_udf_CF_2018327174935454_CashFlowsFromUsedInFinancingActivities" xlink:to="Label_entity00141875_udf_CF_2018327174935454_CashFlowsFromUsedInFinancingActivities_en_doc" xlink:type="arc" />
    <link:loc xlink:href="../00141875_entry_point_2011-05-04.xsd#entity00141875_udf_CF_2018327175040670_StatementOfCashFlowsAbstract" xlink:label="Loc_entity00141875_udf_CF_2018327175040670_StatementOfCashFlowsAbstract" xlink:type="locator" />
    <link:label xlink:type="resource" xlink:role="http://www.xbrl.org/2003/role/label" xlink:label="Label_label_entity00141875_udf_CF_2018327175040670_StatementOfCashFlowsAbstract_en" xml:lang="en" id="Label_label_entity00141875_udf_CF_2018327175040670_StatementOfCashFlowsAbstract_en">Difference by Changes in Foreign Exchange Rates</link:label>
    <link:labelArc xlink:arcrole="http://www.xbrl.org/2003/arcrole/concept-label" xlink:from="Loc_entity00141875_udf_CF_2018327175040670_StatementOfCashFlowsAbstract" xlink:to="Label_label_entity00141875_udf_CF_2018327175040670_StatementOfCashFlowsAbstract_en" xlink:type="arc" />
    <link:label xlink:type="resource" xlink:role="http://www.xbrl.org/2003/role/documentation" xlink:label="Label_entity00141875_udf_CF_2018327175040670_StatementOfCashFlowsAbstract_en_doc" xml:lang="en">
    </link:label>
    <link:labelArc xlink:arcrole="http://www.xbrl.org/2003/arcrole/concept-label" xlink:from="Loc_entity00141875_udf_CF_2018327175040670_StatementOfCashFlowsAbstract" xlink:to="Label_entity00141875_udf_CF_2018327175040670_StatementOfCashFlowsAbstract_en_doc" xlink:type="arc" />
    <link:loc xlink:href="http://dart.fss.or.kr/Resource/Taxonomy/ifrs/2017-10-01/dart_2017-10-01.xsd#dart_LongTermTradeAndOtherNonCurrentReceivablesGross" xlink:label="Loc_dart_LongTermTradeAndOtherNonCurrentReceivablesGross" xlink:type="locator" />
    <link:label xlink:type="resource" xlink:role="http://www.xbrl.org/2003/role/label" xlink:label="Label_label_dart_LongTermTradeAndOtherNonCurrentReceivablesGross_en" xml:lang="en" id="Label_label_dart_LongTermTradeAndOtherNonCurrentReceivablesGross_en">other non-current receivables, gross</link:label>
    <link:labelArc xlink:arcrole="http://www.xbrl.org/2003/arcrole/concept-label" xlink:from="Loc_dart_LongTermTradeAndOtherNonCurrentReceivablesGross" xlink:to="Label_label_dart_LongTermTradeAndOtherNonCurrentReceivablesGross_en" xlink:type="arc" priority="1" />
    <link:loc xlink:href="http://dart.fss.or.kr/Resource/Taxonomy/ifrs/2017-10-01/ifrs-cor_2010-04-30.xsd#ifrs_InvestmentsInSubsidiariesJointVenturesAndAssociates" xlink:label="Loc_ifrs_InvestmentsInSubsidiariesJointVenturesAndAssociates" xlink:type="locator" />
    <link:label xlink:type="resource" xlink:role="http://www.xbrl.org/2003/role/label" xlink:label="Label_label_ifrs_InvestmentsInSubsidiariesJointVenturesAndAssociates_en" xml:lang="en" id="Label_label_ifrs_InvestmentsInSubsidiariesJointVenturesAndAssociates_en">Investments in Associates, Joint Ventures</link:label>
    <link:labelArc xlink:arcrole="http://www.xbrl.org/2003/arcrole/concept-label" xlink:from="Loc_ifrs_InvestmentsInSubsidiariesJointVenturesAndAssociates" xlink:to="Label_label_ifrs_InvestmentsInSubsidiariesJointVenturesAndAssociates_en" xlink:type="arc" priority="1" />
    <link:loc xlink:href="../00141875_entry_point_2011-05-04.xsd#entity00141875_udf_BS_2017116134115239_NoncurrentAssets" xlink:label="Loc_entity00141875_udf_BS_2017116134115239_NoncurrentAssets" xlink:type="locator" />
    <link:label xlink:type="resource" xlink:role="http://www.xbrl.org/2003/role/label" xlink:label="Label_label_entity00141875_udf_BS_2017116134115239_NoncurrentAssets_en" xml:lang="en" id="Label_label_entity00141875_udf_BS_2017116134115239_NoncurrentAssets_en">Intangible Assets</link:label>
    <link:labelArc xlink:arcrole="http://www.xbrl.org/2003/arcrole/concept-label" xlink:from="Loc_entity00141875_udf_BS_2017116134115239_NoncurrentAssets" xlink:to="Label_label_entity00141875_udf_BS_2017116134115239_NoncurrentAssets_en" xlink:type="arc" />
    <link:label xlink:type="resource" xlink:role="http://www.xbrl.org/2003/role/documentation" xlink:label="Label_entity00141875_udf_BS_2017116134115239_NoncurrentAssets_en_doc" xml:lang="en">
    </link:label>
    <link:labelArc xlink:arcrole="http://www.xbrl.org/2003/arcrole/concept-label" xlink:from="Loc_entity00141875_udf_BS_2017116134115239_NoncurrentAssets" xlink:to="Label_entity00141875_udf_BS_2017116134115239_NoncurrentAssets_en_doc" xlink:type="arc" />
    <link:loc xlink:href="../00141875_entry_point_2011-05-04.xsd#entity00141875_udf_BS_2017116135638203_CurrentLiabilities" xlink:label="Loc_entity00141875_udf_BS_2017116135638203_CurrentLiabilities" xlink:type="locator" />
    <link:label xlink:type="resource" xlink:role="http://www.xbrl.org/2003/role/label" xlink:label="Label_label_entity00141875_udf_BS_2017116135638203_CurrentLiabilities_en" xml:lang="en" id="Label_label_entity00141875_udf_BS_2017116135638203_CurrentLiabilities_en">Short-term Borrowings &amp; Current Portion of Long-term Borrowings</link:label>
    <link:labelArc xlink:arcrole="http://www.xbrl.org/2003/arcrole/concept-label" xlink:from="Loc_entity00141875_udf_BS_2017116135638203_CurrentLiabilities" xlink:to="Label_label_entity00141875_udf_BS_2017116135638203_CurrentLiabilities_en" xlink:type="arc" />
    <link:label xlink:type="resource" xlink:role="http://www.xbrl.org/2003/role/documentation" xlink:label="Label_entity00141875_udf_BS_2017116135638203_CurrentLiabilities_en_doc" xml:lang="en">
    </link:label>
    <link:labelArc xlink:arcrole="http://www.xbrl.org/2003/arcrole/concept-label" xlink:from="Loc_entity00141875_udf_BS_2017116135638203_CurrentLiabilities" xlink:to="Label_entity00141875_udf_BS_2017116135638203_CurrentLiabilities_en_doc" xlink:type="arc" />
    <link:loc xlink:href="http://dart.fss.or.kr/Resource/Taxonomy/ifrs/2017-10-01/dart_2017-10-01.xsd#dart_LongTermTradeAndOtherNonCurrentPayables" xlink:label="Loc_dart_LongTermTradeAndOtherNonCurrentPayables" xlink:type="locator" />
    <link:label xlink:type="resource" xlink:role="http://www.xbrl.org/2003/role/label" xlink:label="Label_label_dart_LongTermTradeAndOtherNonCurrentPayables_en" xml:lang="en" id="Label_label_dart_LongTermTradeAndOtherNonCurrentPayables_en">Long-term Other Payables

</link:label>
    <link:labelArc xlink:arcrole="http://www.xbrl.org/2003/arcrole/concept-label" xlink:from="Loc_dart_LongTermTradeAndOtherNonCurrentPayables" xlink:to="Label_label_dart_LongTermTradeAndOtherNonCurrentPayables_en" xlink:type="arc" priority="1" />
  </link:labelLink>
</link:linkbase>